Model,Accuracy,Precision,Recall,F1 Score,Training Time (s),model size (KB)
XGBoost,0.99979,1.00000,0.99976,0.99988,0.14502,89.3
Random_Forest,0.99979,1.00000,0.99976,0.99988,0.32205,282.2
LightGBM,0.99979,1.00000,0.99976,0.99988,0.09798,309.8
KNN,0.99828,0.99882,0.99929,0.99906,0.29402,2800
SVM,0.98132,0.98600,0.99365,0.98981,1.56524,213.5
Logistic_Regression,0.95662,0.95465,1.00000,0.97680,0.14655,1.6
Naive_Bayes,0.92334,0.99643,0.91933,0.95633,0.01235,2
